epoch,train_loss,train_cls,train_disp,val_loss,val_cls,val_disp,P@1,R@1,F1@1,P@2,R@2,F1@2,P@3,R@3,F1@3,GT,Pred,best_F1@1,train_s,eval_s,lr
1,0.153427,0.053703,9.972373,0.149437,0.050646,9.879030,0.0000,0.0000,0.0000,0.0000,0.0000,0.0000,0.0000,0.0000,0.0000,223,0,0.0000,1.3,0.0,0.000300
2,0.147069,0.049237,9.783184,0.139578,0.044296,9.528151,0.2365,0.3139,0.2697,0.3311,0.4395,0.3776,0.3885,0.5157,0.4432,223,296,0.2697,0.9,0.1,0.000300
3,0.135146,0.044521,9.062557,0.144365,0.043745,10.061985,0.2571,0.4036,0.3141,0.3543,0.5561,0.4328,0.4171,0.6547,0.5096,223,350,0.3141,0.9,0.1,0.000300
4,0.098986,0.034114,6.487210,0.067206,0.026061,4.114511,0.5045,0.5067,0.5056,0.6652,0.6682,0.6667,0.7634,0.7668,0.7651,223,224,0.5056,0.9,0.1,0.000300
5,0.065451,0.025917,3.953361,0.057130,0.023077,3.405301,0.3823,0.5022,0.4341,0.5495,0.7220,0.6240,0.6348,0.8341,0.7209,223,293,0.5056,0.9,0.1,0.000300
6,0.053328,0.023318,3.001035,0.052054,0.020434,3.162041,0.4519,0.4843,0.4675,0.6527,0.6996,0.6753,0.7322,0.7848,0.7576,223,239,0.5056,0.9,0.1,0.000300
7,0.046348,0.020621,2.572708,0.041351,0.017567,2.378453,0.4636,0.5426,0.5000,0.6207,0.7265,0.6694,0.7126,0.8341,0.7686,223,261,0.5056,0.9,0.1,0.000300
8,0.039120,0.018156,2.096432,0.039885,0.018180,2.170568,0.5546,0.5919,0.5727,0.7437,0.7937,0.7679,0.8277,0.8834,0.8547,223,238,0.5727,0.9,0.1,0.000300
9,0.034908,0.016202,1.870643,0.038641,0.018336,2.030574,0.6136,0.6054,0.6095,0.8000,0.7892,0.7946,0.8909,0.8789,0.8849,223,220,0.6095,0.9,0.1,0.000299
10,0.032436,0.015204,1.723182,0.033333,0.014601,1.873162,0.4650,0.5067,0.4850,0.6872,0.7489,0.7167,0.7778,0.8475,0.8112,223,243,0.6095,0.9,0.1,0.000299
11,0.027410,0.013358,1.405138,0.032557,0.013665,1.889190,0.4174,0.4529,0.4344,0.6653,0.7220,0.6925,0.7686,0.8341,0.8000,223,242,0.6095,0.9,0.1,0.000299
12,0.024469,0.012343,1.212552,0.030498,0.013544,1.695403,0.5020,0.5561,0.5277,0.7287,0.8072,0.7660,0.7935,0.8789,0.8340,223,247,0.6095,0.9,0.1,0.000299
13,0.022658,0.011788,1.086981,0.031123,0.013911,1.721251,0.5226,0.5695,0.5451,0.7202,0.7848,0.7511,0.8189,0.8924,0.8541,223,243,0.6095,0.9,0.1,0.000299
14,0.023417,0.012094,1.132310,0.027395,0.012494,1.490107,0.5101,0.5650,0.5362,0.7247,0.8027,0.7617,0.8138,0.9013,0.8553,223,247,0.6095,0.9,0.1,0.000299
15,0.020854,0.011214,0.963982,0.025950,0.012612,1.333830,0.5317,0.6009,0.5642,0.7063,0.7982,0.7495,0.7937,0.8969,0.8421,223,252,0.6095,0.9,0.1,0.000298
16,0.019205,0.010603,0.860214,0.028258,0.014929,1.332978,0.5224,0.5740,0.5470,0.7306,0.8027,0.7650,0.8082,0.8879,0.8462,223,245,0.6095,0.9,0.1,0.000298
17,0.017926,0.009885,0.804036,0.023906,0.011465,1.244123,0.5560,0.6233,0.5877,0.7320,0.8206,0.7738,0.8200,0.9193,0.8668,223,250,0.6095,0.9,0.1,0.000298
18,0.017562,0.009810,0.775204,0.025742,0.012651,1.309116,0.4938,0.5336,0.5129,0.7095,0.7668,0.7371,0.8216,0.8879,0.8534,223,241,0.6095,0.9,0.1,0.000298
19,0.018609,0.010465,0.814422,0.030728,0.015025,1.570323,0.3600,0.3632,0.3616,0.6356,0.6413,0.6384,0.7333,0.7399,0.7366,223,225,0.6095,0.9,0.1,0.000297
20,0.018495,0.009932,0.856268,0.025551,0.012461,1.308918,0.4500,0.4843,0.4665,0.7125,0.7668,0.7387,0.8167,0.8789,0.8467,223,240,0.6095,0.9,0.0,0.000297
21,0.016541,0.009284,0.725727,0.024680,0.012317,1.236294,0.5640,0.6323,0.5962,0.7440,0.8341,0.7865,0.8000,0.8969,0.8457,223,250,0.6095,0.9,0.1,0.000297
22,0.016438,0.009197,0.724079,0.021735,0.010532,1.120215,0.4959,0.5381,0.5161,0.7231,0.7848,0.7527,0.8430,0.9148,0.8774,223,242,0.6095,0.9,0.0,0.000297
23,0.016261,0.009349,0.691138,0.024134,0.013105,1.102879,0.3689,0.3722,0.3705,0.6978,0.7040,0.7009,0.8178,0.8251,0.8214,223,225,0.6095,0.9,0.1,0.000296
24,0.014037,0.008243,0.579473,0.021585,0.010685,1.089963,0.4615,0.5112,0.4851,0.7287,0.8072,0.7660,0.8057,0.8924,0.8468,223,247,0.6095,0.9,0.1,0.000296
25,0.013300,0.007929,0.537102,0.022670,0.011199,1.147067,0.5088,0.5202,0.5144,0.7412,0.7578,0.7494,0.8333,0.8520,0.8426,223,228,0.6095,0.9,0.1,0.000295
26,0.014437,0.008538,0.589906,0.023055,0.011834,1.122058,0.4585,0.4709,0.4646,0.7642,0.7848,0.7743,0.8603,0.8834,0.8717,223,229,0.6095,0.9,0.0,0.000295
27,0.012775,0.007718,0.505671,0.024771,0.013030,1.174081,0.4549,0.4753,0.4649,0.6953,0.7265,0.7105,0.8326,0.8700,0.8509,223,233,0.6095,0.9,0.1,0.000295
28,0.012051,0.007345,0.470505,0.022333,0.011518,1.081489,0.5202,0.5785,0.5478,0.7621,0.8475,0.8025,0.8266,0.9193,0.8705,223,248,0.6095,0.9,0.0,0.000294
29,0.012768,0.007724,0.504390,0.023088,0.012061,1.102694,0.4474,0.4574,0.4523,0.7237,0.7399,0.7317,0.8202,0.8386,0.8293,223,228,0.6095,0.9,0.1,0.000294
30,0.011193,0.006958,0.423551,0.027728,0.015929,1.179895,0.2634,0.2646,0.2640,0.5848,0.5874,0.5861,0.7455,0.7489,0.7472,223,224,0.6095,0.9,0.1,0.000293
31,0.011287,0.007068,0.421900,0.025621,0.014773,1.084840,0.2242,0.2242,0.2242,0.5874,0.5874,0.5874,0.7489,0.7489,0.7489,223,223,0.6095,0.9,0.1,0.000293
32,0.016896,0.010426,0.646930,0.031515,0.016343,1.517193,0.5504,0.5874,0.5683,0.7479,0.7982,0.7722,0.8361,0.8924,0.8633,223,238,0.6095,0.9,0.1,0.000292
33,0.016472,0.009489,0.698306,0.030612,0.014944,1.566818,0.4684,0.4978,0.4826,0.7511,0.7982,0.7739,0.8650,0.9193,0.8913,223,237,0.6095,0.9,0.1,0.000292
34,0.013583,0.008134,0.544888,0.021713,0.011416,1.029659,0.2612,0.2870,0.2735,0.5796,0.6368,0.6068,0.7224,0.7937,0.7564,223,245,0.6095,0.9,0.1,0.000291
35,0.011525,0.007174,0.435152,0.025806,0.013869,1.193670,0.3636,0.3767,0.3700,0.6883,0.7130,0.7004,0.8225,0.8520,0.8370,223,231,0.6095,0.9,0.1,0.000291
36,0.010101,0.006446,0.365425,0.030106,0.016110,1.399571,0.4142,0.4439,0.4286,0.6778,0.7265,0.7013,0.8075,0.8655,0.8355,223,239,0.6095,0.9,0.1,0.000290
37,0.010902,0.006824,0.407723,0.024035,0.012439,1.159577,0.3924,0.4170,0.4043,0.6962,0.7399,0.7174,0.8354,0.8879,0.8609,223,237,0.6095,1.0,0.1,0.000290
38,0.009321,0.006055,0.326595,0.029890,0.017808,1.208229,0.2615,0.2556,0.2585,0.5917,0.5785,0.5850,0.7661,0.7489,0.7574,223,218,0.6095,0.9,0.1,0.000289
39,0.008827,0.005847,0.297965,0.028128,0.017061,1.106711,0.1963,0.1928,0.1946,0.5205,0.5112,0.5158,0.7215,0.7085,0.7149,223,219,0.6095,0.9,0.0,0.000289
40,0.008115,0.005457,0.265830,0.026451,0.015351,1.110042,0.2703,0.2691,0.2697,0.5721,0.5695,0.5708,0.7477,0.7444,0.7461,223,222,0.6095,0.9,0.1,0.000288
41,0.007885,0.005239,0.264561,0.028577,0.016228,1.234985,0.1477,0.1570,0.1522,0.4177,0.4439,0.4304,0.6540,0.6951,0.6739,223,237,0.6095,0.9,0.1,0.000287
42,0.008007,0.005348,0.265817,0.024918,0.013562,1.135551,0.3158,0.3229,0.3193,0.6053,0.6188,0.6120,0.7675,0.7848,0.7761,223,228,0.6095,0.9,0.1,0.000287
43,0.008697,0.005765,0.293230,0.029546,0.016968,1.257791,0.0893,0.0897,0.0895,0.2188,0.2197,0.2192,0.4866,0.4888,0.4877,223,224,0.6095,0.9,0.1,0.000286
44,0.008929,0.005682,0.324753,0.028671,0.017133,1.153739,0.3500,0.3453,0.3476,0.6318,0.6233,0.6275,0.8136,0.8027,0.8081,223,220,0.6095,0.9,0.1,0.000286
45,0.007900,0.005184,0.271617,0.028561,0.016981,1.158073,0.3550,0.3677,0.3612,0.6537,0.6771,0.6652,0.7879,0.8161,0.8018,223,231,0.6095,0.9,0.0,0.000285
46,0.007490,0.004953,0.253764,0.026165,0.014872,1.129216,0.2130,0.2197,0.2163,0.4565,0.4709,0.4636,0.6565,0.6771,0.6667,223,230,0.6095,0.9,0.1,0.000284
47,0.006646,0.004476,0.217012,0.030699,0.018334,1.236524,0.2257,0.2287,0.2272,0.4823,0.4888,0.4855,0.6947,0.7040,0.6993,223,226,0.6095,0.9,0.1,0.000283
48,0.006234,0.004229,0.200448,0.032360,0.020946,1.141339,0.1468,0.1435,0.1451,0.4083,0.3991,0.4036,0.6147,0.6009,0.6077,223,218,0.6095,0.9,0.0,0.000283
49,0.006341,0.004207,0.213396,0.038626,0.024252,1.437461,0.2864,0.2825,0.2844,0.5273,0.5202,0.5237,0.7409,0.7309,0.7359,223,220,0.6095,0.9,0.1,0.000282
50,0.007246,0.004741,0.250433,0.025167,0.015406,0.976108,0.2889,0.2915,0.2902,0.5422,0.5471,0.5446,0.6844,0.6906,0.6875,223,225,0.6095,0.9,0.0,0.000281
51,0.008284,0.005344,0.293935,0.031524,0.020177,1.134772,0.2617,0.2511,0.2563,0.5093,0.4888,0.4989,0.7009,0.6726,0.6865,223,214,0.6095,0.9,0.1,0.000281
52,0.008001,0.005191,0.281021,0.029130,0.017419,1.171045,0.3026,0.3094,0.3060,0.5746,0.5874,0.5809,0.7149,0.7309,0.7228,223,228,0.6095,0.9,0.0,0.000280
53,0.007347,0.004861,0.248664,0.035881,0.024428,1.145240,0.2535,0.2422,0.2477,0.4648,0.4439,0.4541,0.6056,0.5785,0.5917,223,213,0.6095,0.9,0.1,0.000279
54,0.006596,0.004434,0.216185,0.036688,0.025133,1.155441,0.3714,0.3498,0.3603,0.6000,0.5650,0.5820,0.7619,0.7175,0.7390,223,210,0.6095,0.9,0.1,0.000278
55,0.006342,0.004238,0.210400,0.035079,0.022388,1.269095,0.2673,0.2601,0.2636,0.4747,0.4619,0.4682,0.6498,0.6323,0.6409,223,217,0.6095,0.9,0.1,0.000277
56,0.005951,0.003893,0.205796,0.037820,0.025621,1.219836,0.2958,0.2825,0.2890,0.5211,0.4978,0.5092,0.6667,0.6368,0.6514,223,213,0.6095,0.9,0.1,0.000277
57,0.004809,0.003218,0.159024,0.033687,0.021869,1.181804,0.3670,0.3587,0.3628,0.6193,0.6054,0.6122,0.7248,0.7085,0.7166,223,218,0.6095,0.9,0.0,0.000276
58,0.004653,0.003109,0.154495,0.040608,0.026837,1.377083,0.2963,0.2870,0.2916,0.5509,0.5336,0.5421,0.6898,0.6682,0.6788,223,216,0.6095,0.9,0.1,0.000275
59,0.004724,0.003135,0.158847,0.039768,0.027352,1.241545,0.2153,0.2018,0.2083,0.4115,0.3857,0.3981,0.5598,0.5247,0.5417,223,209,0.6095,0.9,0.0,0.000274
60,0.005147,0.003336,0.181091,0.044371,0.030835,1.353684,0.0881,0.0762,0.0817,0.2539,0.2197,0.2356,0.4560,0.3946,0.4231,223,193,0.6095,0.9,0.1,0.000273
61,0.005793,0.003769,0.202336,0.038364,0.026018,1.234620,0.4206,0.4036,0.4119,0.6262,0.6009,0.6133,0.7477,0.7175,0.7323,223,214,0.6095,0.9,0.1,0.000272
62,0.009601,0.005915,0.368581,0.030914,0.018080,1.283383,0.3750,0.3767,0.3758,0.5893,0.5919,0.5906,0.7277,0.7309,0.7293,223,224,0.6095,1.0,0.1,0.000271
63,0.008934,0.005753,0.318101,0.029388,0.017905,1.148312,0.2894,0.3049,0.2969,0.5702,0.6009,0.5852,0.7106,0.7489,0.7293,223,235,0.6095,1.0,0.1,0.000270
64,0.006429,0.004232,0.219636,0.047622,0.033881,1.374078,0.4021,0.3498,0.3741,0.6598,0.5740,0.6139,0.7887,0.6861,0.7338,223,194,0.6095,0.9,0.1,0.000270
65,0.005495,0.003578,0.191730,0.036027,0.023990,1.203713,0.2788,0.2601,0.2691,0.4808,0.4484,0.4640,0.6731,0.6278,0.6497,223,208,0.6095,0.9,0.1,0.000269
66,0.004720,0.003151,0.156876,0.044956,0.030807,1.414916,0.3122,0.2870,0.2991,0.5122,0.4709,0.4907,0.6829,0.6278,0.6542,223,205,0.6095,0.9,0.0,0.000268
67,0.004730,0.003078,0.165252,0.041694,0.027555,1.413890,0.2986,0.2960,0.2973,0.5294,0.5247,0.5270,0.6968,0.6906,0.6937,223,221,0.6095,0.9,0.0,0.000267
68,0.004535,0.003006,0.152929,0.043842,0.029919,1.392307,0.3168,0.2870,0.3012,0.5842,0.5291,0.5553,0.6832,0.6188,0.6494,223,202,0.6095,0.9,0.0,0.000266
69,0.004049,0.002650,0.139848,0.043913,0.031289,1.262451,0.2261,0.2018,0.2133,0.4925,0.4395,0.4645,0.6734,0.6009,0.6351,223,199,0.6095,0.9,0.1,0.000265
70,0.003599,0.002388,0.121181,0.042619,0.030298,1.232086,0.1716,0.1570,0.1639,0.3971,0.3632,0.3794,0.5980,0.5471,0.5714,223,204,0.6095,0.9,0.1,0.000264
71,0.004281,0.002786,0.149441,0.041671,0.029735,1.193590,0.2740,0.2556,0.2645,0.5240,0.4888,0.5058,0.6923,0.6457,0.6682,223,208,0.6095,0.9,0.1,0.000263
72,0.004171,0.002717,0.145392,0.046290,0.032664,1.362629,0.1854,0.1704,0.1776,0.4195,0.3857,0.4019,0.5512,0.5067,0.5280,223,205,0.6095,0.9,0.0,0.000262
73,0.003748,0.002404,0.134399,0.045848,0.032479,1.336941,0.3915,0.3722,0.3816,0.6226,0.5919,0.6069,0.7311,0.6951,0.7126,223,212,0.6095,0.9,0.1,0.000261
74,0.006053,0.003900,0.215298,0.049837,0.035850,1.398779,0.2103,0.1839,0.1962,0.3538,0.3094,0.3301,0.4974,0.4350,0.4641,223,195,0.6095,0.9,0.0,0.000260
75,0.006610,0.004024,0.258590,0.040776,0.028513,1.226275,0.2381,0.2242,0.2309,0.4571,0.4305,0.4434,0.6000,0.5650,0.5820,223,210,0.6095,0.9,0.1,0.000259
76,0.005215,0.003335,0.188010,0.038318,0.026357,1.196019,0.4220,0.4126,0.4172,0.6606,0.6457,0.6531,0.7982,0.7803,0.7891,223,218,0.6095,0.9,0.1,0.000258
77,0.003718,0.002426,0.129163,0.050330,0.036572,1.375867,0.4532,0.4126,0.4319,0.6749,0.6143,0.6432,0.8128,0.7399,0.7746,223,203,0.6095,0.9,0.1,0.000256
78,0.003164,0.001962,0.120212,0.057737,0.043750,1.398740,0.3518,0.3139,0.3318,0.5930,0.5291,0.5592,0.7538,0.6726,0.7109,223,199,0.6095,0.9,0.1,0.000255
79,0.002860,0.001801,0.105863,0.049779,0.036593,1.318654,0.3810,0.3587,0.3695,0.6095,0.5740,0.5912,0.7476,0.7040,0.7252,223,210,0.6095,0.9,0.1,0.000254
80,0.002552,0.001588,0.096445,0.056090,0.043649,1.244115,0.3568,0.3184,0.3365,0.6030,0.5381,0.5687,0.7236,0.6457,0.6825,223,199,0.6095,0.9,0.1,0.000253
81,0.002120,0.001303,0.081608,0.059866,0.045724,1.414172,0.4286,0.3901,0.4085,0.6404,0.5830,0.6103,0.7783,0.7085,0.7418,223,203,0.6095,0.9,0.0,0.000252
82,0.002170,0.001339,0.083078,0.070735,0.055511,1.522316,0.3247,0.2825,0.3022,0.5619,0.4888,0.5228,0.7113,0.6188,0.6619,223,194,0.6095,0.9,0.1,0.000251
83,0.005941,0.003931,0.201037,0.042166,0.027875,1.429093,0.4079,0.4170,0.4124,0.6053,0.6188,0.6120,0.7456,0.7623,0.7539,223,228,0.6095,1.0,0.1,0.000250
84,0.006677,0.004415,0.226282,0.043342,0.031360,1.198278,0.2293,0.2108,0.2196,0.4195,0.3857,0.4019,0.5463,0.5022,0.5234,223,205,0.6095,0.9,0.1,0.000249
85,0.006823,0.004392,0.243117,0.034056,0.023165,1.089176,0.3274,0.3318,0.3296,0.5841,0.5919,0.5880,0.7212,0.7309,0.7261,223,226,0.6095,0.9,0.0,0.000247
86,0.004613,0.003019,0.159408,0.049502,0.036649,1.285257,0.2217,0.2018,0.2113,0.4089,0.3722,0.3897,0.5714,0.5202,0.5446,223,203,0.6095,0.9,0.0,0.000246
87,0.003801,0.002353,0.144817,0.044015,0.030508,1.350668,0.2884,0.2780,0.2831,0.5349,0.5157,0.5251,0.7302,0.7040,0.7169,223,215,0.6095,0.9,0.1,0.000245
88,0.004160,0.002579,0.158085,0.046167,0.033942,1.222574,0.3932,0.3632,0.3776,0.5631,0.5202,0.5408,0.7184,0.6637,0.6900,223,206,0.6095,1.0,0.0,0.000244
89,0.004045,0.002486,0.155957,0.056163,0.043342,1.282040,0.3015,0.2691,0.2844,0.4824,0.4305,0.4550,0.6332,0.5650,0.5972,223,199,0.6095,0.9,0.1,0.000243
90,0.003961,0.002553,0.140764,0.042275,0.030076,1.219916,0.4521,0.4439,0.4480,0.6484,0.6368,0.6425,0.7626,0.7489,0.7557,223,219,0.6095,0.9,0.1,0.000241
91,0.002655,0.001593,0.106223,0.060302,0.046787,1.351438,0.2595,0.2152,0.2353,0.5351,0.4439,0.4853,0.6757,0.5605,0.6127,223,185,0.6095,0.9,0.1,0.000240
92,0.002116,0.001263,0.085309,0.052955,0.040465,1.249009,0.3695,0.3363,0.3521,0.6010,0.5471,0.5728,0.7340,0.6682,0.6995,223,203,0.6095,0.9,0.1,0.000239
93,0.001741,0.001045,0.069566,0.059790,0.046611,1.317824,0.3920,0.3498,0.3697,0.6030,0.5381,0.5687,0.7337,0.6547,0.6919,223,199,0.6095,0.9,0.1,0.000238
94,0.001532,0.000902,0.062986,0.052498,0.039612,1.288600,0.4348,0.4036,0.4186,0.6329,0.5874,0.6093,0.7536,0.6996,0.7256,223,207,0.6095,0.9,0.1,0.000237
95,0.001514,0.000886,0.062791,0.056910,0.043696,1.321430,0.3695,0.3363,0.3521,0.6108,0.5561,0.5822,0.7291,0.6637,0.6948,223,203,0.6095,0.9,0.1,0.000235
96,0.001450,0.000849,0.060100,0.057456,0.044469,1.298619,0.3744,0.3408,0.3568,0.6256,0.5695,0.5962,0.7488,0.6816,0.7136,223,203,0.6095,0.9,0.0,0.000234
97,0.001363,0.000779,0.058384,0.055604,0.042440,1.316409,0.4471,0.4170,0.4316,0.6442,0.6009,0.6218,0.7452,0.6951,0.7193,223,208,0.6095,1.0,0.1,0.000233
98,0.001148,0.000656,0.049143,0.057244,0.044514,1.272989,0.4396,0.4081,0.4233,0.6618,0.6143,0.6372,0.7681,0.7130,0.7395,223,207,0.6095,0.9,0.1,0.000231
99,0.001010,0.000575,0.043500,0.058382,0.045507,1.287542,0.4545,0.4260,0.4398,0.6555,0.6143,0.6343,0.7416,0.6951,0.7176,223,209,0.6095,0.9,0.0,0.000230
100,0.000945,0.000536,0.040896,0.063885,0.050358,1.352690,0.4396,0.4081,0.4233,0.6329,0.5874,0.6093,0.7778,0.7220,0.7488,223,207,0.6095,0.9,0.1,0.000229
101,0.001060,0.000576,0.048393,0.056720,0.043886,1.283358,0.5476,0.5157,0.5312,0.7238,0.6816,0.7021,0.7857,0.7399,0.7621,223,210,0.6095,0.9,0.0,0.000228
102,0.001057,0.000579,0.047835,0.061564,0.048176,1.338780,0.4856,0.4529,0.4687,0.6683,0.6233,0.6450,0.7644,0.7130,0.7378,223,208,0.6095,0.9,0.0,0.000226
103,0.000907,0.000497,0.041030,0.064906,0.051426,1.347930,0.4927,0.4529,0.4720,0.6780,0.6233,0.6495,0.7707,0.7085,0.7383,223,205,0.6095,0.9,0.1,0.000225
104,0.000858,0.000465,0.039317,0.063390,0.050149,1.324197,0.4660,0.4305,0.4476,0.6796,0.6278,0.6527,0.7816,0.7220,0.7506,223,206,0.6095,0.9,0.1,0.000224
105,0.000781,0.000419,0.036209,0.061935,0.048942,1.299274,0.5288,0.4933,0.5104,0.7115,0.6637,0.6868,0.7981,0.7444,0.7703,223,208,0.6095,0.9,0.0,0.000222
106,0.000726,0.000378,0.034828,0.067370,0.053839,1.353101,0.5049,0.4664,0.4848,0.6796,0.6278,0.6527,0.7816,0.7220,0.7506,223,206,0.6095,0.9,0.1,0.000221
107,0.000739,0.000387,0.035154,0.066260,0.052872,1.338873,0.4537,0.4170,0.4346,0.6878,0.6323,0.6589,0.7756,0.7130,0.7430,223,205,0.6095,0.9,0.1,0.000219
108,0.000772,0.000400,0.037202,0.063895,0.051078,1.281671,0.5512,0.5067,0.5280,0.7220,0.6637,0.6916,0.8049,0.7399,0.7710,223,205,0.6095,0.9,0.1,0.000218
109,0.000722,0.000368,0.035334,0.068256,0.054731,1.352462,0.5024,0.4664,0.4837,0.6763,0.6278,0.6512,0.7923,0.7354,0.7628,223,207,0.6095,0.9,0.1,0.000217
110,0.000781,0.000389,0.039126,0.066216,0.053289,1.292688,0.4581,0.4170,0.4366,0.6650,0.6054,0.6338,0.7833,0.7130,0.7465,223,203,0.6095,0.9,0.1,0.000215
111,0.000796,0.000397,0.039956,0.065439,0.052252,1.318767,0.5072,0.4753,0.4907,0.6986,0.6547,0.6759,0.8038,0.7534,0.7778,223,209,0.6095,0.9,0.1,0.000214
112,0.000686,0.000342,0.034392,0.065240,0.052025,1.321450,0.5327,0.5112,0.5217,0.6963,0.6682,0.6819,0.7944,0.7623,0.7780,223,214,0.6095,0.9,0.1,0.000213
113,0.000808,0.000400,0.040851,0.074287,0.060874,1.341367,0.5174,0.4664,0.4906,0.6766,0.6099,0.6415,0.7861,0.7085,0.7453,223,201,0.6095,0.9,0.1,0.000211
114,0.000765,0.000376,0.038826,0.067492,0.054337,1.315532,0.5529,0.5157,0.5336,0.7308,0.6816,0.7053,0.8029,0.7489,0.7749,223,208,0.6095,0.9,0.1,0.000210
115,0.001171,0.000576,0.059521,0.074231,0.060193,1.403842,0.5000,0.4619,0.4802,0.6553,0.6054,0.6294,0.7864,0.7265,0.7552,223,206,0.6095,0.9,0.1,0.000208
116,0.001119,0.000555,0.056354,0.073165,0.059614,1.355063,0.5268,0.4843,0.5047,0.6829,0.6278,0.6542,0.7610,0.6996,0.7290,223,205,0.6095,0.9,0.1,0.000207
117,0.000923,0.000447,0.047577,0.067590,0.054898,1.269236,0.5143,0.4843,0.4988,0.7095,0.6682,0.6882,0.7810,0.7354,0.7575,223,210,0.6095,0.9,0.0,0.000206
118,0.000897,0.000437,0.045994,0.068206,0.055093,1.311320,0.5194,0.4798,0.4988,0.7039,0.6502,0.6760,0.7864,0.7265,0.7552,223,206,0.6095,0.9,0.0,0.000204
119,0.000732,0.000347,0.038509,0.074165,0.060545,1.362071,0.5297,0.4798,0.5035,0.6980,0.6323,0.6635,0.7772,0.7040,0.7388,223,202,0.6095,0.9,0.0,0.000203
120,0.000737,0.000345,0.039248,0.069208,0.056356,1.285231,0.5366,0.4933,0.5140,0.6976,0.6413,0.6682,0.8000,0.7354,0.7664,223,205,0.6095,0.9,0.0,0.000201
121,0.000613,0.000282,0.033098,0.068503,0.055455,1.304829,0.5619,0.5291,0.5450,0.7048,0.6637,0.6836,0.7810,0.7354,0.7575,223,210,0.6095,0.9,0.1,0.000200
122,0.000537,0.000243,0.029436,0.068462,0.055457,1.300525,0.5854,0.5381,0.5607,0.7268,0.6682,0.6963,0.8000,0.7354,0.7664,223,205,0.6095,0.9,0.1,0.000198
123,0.000549,0.000247,0.030231,0.068965,0.056033,1.293178,0.5446,0.5202,0.5321,0.7230,0.6906,0.7064,0.8028,0.7668,0.7844,223,213,0.6095,0.9,0.1,0.000197
124,0.000550,0.000245,0.030545,0.069668,0.056484,1.318377,0.5524,0.5202,0.5358,0.7286,0.6861,0.7067,0.8381,0.7892,0.8129,223,210,0.6095,0.9,0.0,0.000195
125,0.000512,0.000228,0.028424,0.074086,0.060487,1.359940,0.5598,0.5247,0.5417,0.7081,0.6637,0.6852,0.8134,0.7623,0.7870,223,209,0.6095,0.9,0.1,0.000194
126,0.000463,0.000202,0.026114,0.075052,0.061502,1.354948,0.5749,0.5336,0.5535,0.7150,0.6637,0.6884,0.7874,0.7309,0.7581,223,207,0.6095,0.9,0.1,0.000193
127,0.000423,0.000179,0.024368,0.071142,0.057947,1.319448,0.5742,0.5381,0.5556,0.7225,0.6771,0.6991,0.8278,0.7758,0.8009,223,209,0.6095,0.9,0.1,0.000191
128,0.000435,0.000186,0.024863,0.072247,0.059222,1.302579,0.5625,0.5247,0.5429,0.6971,0.6502,0.6729,0.7885,0.7354,0.7610,223,208,0.6095,0.9,0.1,0.000190
129,0.000431,0.000182,0.024877,0.068698,0.055556,1.314273,0.5566,0.5291,0.5425,0.7406,0.7040,0.7218,0.8302,0.7892,0.8092,223,212,0.6095,0.9,0.1,0.000188
130,0.000461,0.000188,0.027257,0.068405,0.055240,1.316510,0.5877,0.5561,0.5714,0.7393,0.6996,0.7189,0.8341,0.7892,0.8111,223,211,0.6095,0.9,0.0,0.000187
131,0.000494,0.000209,0.028513,0.071563,0.058315,1.324825,0.6114,0.5785,0.5945,0.7441,0.7040,0.7235,0.8246,0.7803,0.8018,223,211,0.6095,0.9,0.1,0.000185
132,0.000518,0.000214,0.030333,0.073547,0.060307,1.324034,0.5894,0.5471,0.5674,0.7440,0.6906,0.7163,0.8261,0.7668,0.7953,223,207,0.6095,0.9,0.0,0.000184
133,0.000506,0.000204,0.030145,0.077375,0.063667,1.370783,0.5646,0.5291,0.5463,0.7129,0.6682,0.6898,0.7799,0.7309,0.7546,223,209,0.6095,0.9,0.0,0.000182
134,0.000474,0.000196,0.027791,0.073764,0.060447,1.331706,0.5625,0.5247,0.5429,0.7404,0.6906,0.7146,0.8221,0.7668,0.7935,223,208,0.6095,0.9,0.1,0.000181
135,0.000433,0.000173,0.026059,0.073523,0.060357,1.316659,0.5640,0.5336,0.5484,0.7583,0.7175,0.7373,0.8436,0.7982,0.8203,223,211,0.6095,0.9,0.1,0.000179
136,0.000406,0.000156,0.025000,0.075360,0.061978,1.338151,0.5700,0.5291,0.5488,0.7488,0.6951,0.7209,0.8164,0.7578,0.7860,223,207,0.6095,0.9,0.0,0.000178
137,0.000456,0.000178,0.027779,0.076893,0.063252,1.364152,0.5817,0.5426,0.5615,0.7404,0.6906,0.7146,0.8221,0.7668,0.7935,223,208,0.6095,0.9,0.1,0.000176
138,0.000520,0.000203,0.031656,0.075415,0.062203,1.321186,0.5922,0.5471,0.5688,0.7573,0.6996,0.7273,0.8155,0.7534,0.7832,223,206,0.6095,1.0,0.1,0.000175
139,0.000531,0.000209,0.032163,0.081849,0.068277,1.357114,0.5659,0.5202,0.5421,0.7024,0.6457,0.6729,0.7512,0.6906,0.7196,223,205,0.6095,1.0,0.1,0.000173
140,0.000439,0.000172,0.026780,0.072534,0.059458,1.307640,0.5972,0.5650,0.5806,0.7251,0.6861,0.7051,0.8057,0.7623,0.7834,223,211,0.6095,0.9,0.1,0.000172
141,0.000419,0.000156,0.026315,0.077258,0.064113,1.314514,0.5891,0.5336,0.5600,0.7277,0.6592,0.6918,0.8119,0.7354,0.7718,223,202,0.6095,0.9,0.1,0.000170
142,0.000391,0.000149,0.024177,0.075113,0.061938,1.317444,0.5592,0.5291,0.5438,0.7536,0.7130,0.7327,0.8009,0.7578,0.7788,223,211,0.6095,0.9,0.1,0.000169
143,0.000406,0.000148,0.025845,0.079398,0.065539,1.385922,0.5362,0.4978,0.5163,0.7005,0.6502,0.6744,0.7971,0.7399,0.7674,223,207,0.6095,0.9,0.1,0.000167
144,0.000322,0.000118,0.020403,0.077333,0.063838,1.349481,0.5972,0.5650,0.5806,0.7109,0.6726,0.6912,0.7820,0.7399,0.7604,223,211,0.6095,0.9,0.1,0.000166
145,0.000315,0.000114,0.020011,0.080795,0.067106,1.368894,0.5583,0.5157,0.5361,0.7184,0.6637,0.6900,0.7961,0.7354,0.7646,223,206,0.6095,0.9,0.1,0.000164
146,0.000285,0.000098,0.018696,0.077500,0.063917,1.358274,0.5865,0.5471,0.5661,0.7404,0.6906,0.7146,0.8077,0.7534,0.7796,223,208,0.6095,0.9,0.0,0.000163
147,0.000283,0.000098,0.018426,0.076470,0.063150,1.331932,0.5789,0.5426,0.5602,0.7321,0.6861,0.7083,0.8325,0.7803,0.8056,223,209,0.6095,0.9,0.1,0.000161
148,0.000279,0.000097,0.018105,0.076054,0.062814,1.324030,0.6009,0.5740,0.5872,0.7465,0.7130,0.7294,0.8216,0.7848,0.8028,223,213,0.6095,0.9,0.1,0.000160
149,0.000271,0.000093,0.017723,0.077248,0.063808,1.344011,0.5762,0.5426,0.5589,0.7286,0.6861,0.7067,0.8286,0.7803,0.8037,223,210,0.6095,0.9,0.1,0.000158
150,0.000291,0.000099,0.019144,0.079064,0.065678,1.338671,0.6114,0.5785,0.5945,0.7488,0.7085,0.7281,0.8389,0.7937,0.8157,223,211,0.6095,0.9,0.0,0.000157
151,0.000388,0.000136,0.025218,0.078209,0.064730,1.347911,0.5789,0.5426,0.5602,0.7273,0.6816,0.7037,0.7990,0.7489,0.7731,223,209,0.6095,0.9,0.1,0.000155
152,0.000467,0.000175,0.029276,0.077348,0.064285,1.306222,0.5604,0.5202,0.5395,0.7005,0.6502,0.6744,0.7729,0.7175,0.7442,223,207,0.6095,0.9,0.1,0.000153
153,0.000405,0.000145,0.025981,0.082696,0.068939,1.375753,0.5784,0.5291,0.5527,0.7157,0.6547,0.6838,0.7990,0.7309,0.7635,223,204,0.6095,0.9,0.1,0.000152
154,0.000318,0.000108,0.021068,0.077837,0.064494,1.334257,0.5762,0.5426,0.5589,0.7524,0.7085,0.7298,0.8238,0.7758,0.7991,223,210,0.6095,0.9,0.1,0.000150
155,0.000292,0.000095,0.019668,0.081460,0.067875,1.358480,0.5777,0.5336,0.5548,0.7670,0.7085,0.7366,0.8301,0.7668,0.7972,223,206,0.6095,0.9,0.1,0.000149
156,0.000260,0.000082,0.017776,0.081146,0.067591,1.355508,0.5943,0.5650,0.5793,0.7406,0.7040,0.7218,0.8160,0.7758,0.7954,223,212,0.6095,0.9,0.0,0.000147
157,0.000233,0.000074,0.015897,0.082896,0.069319,1.357694,0.6066,0.5740,0.5899,0.7441,0.7040,0.7235,0.8152,0.7713,0.7926,223,211,0.6095,0.9,0.0,0.000146
158,0.000232,0.000074,0.015829,0.080714,0.067231,1.348266,0.5782,0.5471,0.5622,0.7251,0.6861,0.7051,0.8152,0.7713,0.7926,223,211,0.6095,0.9,0.1,0.000144
159,0.000239,0.000076,0.016298,0.081176,0.067683,1.349219,0.5755,0.5471,0.5609,0.7547,0.7175,0.7356,0.8538,0.8117,0.8322,223,212,0.6095,0.9,0.0,0.000143
160,0.000221,0.000069,0.015213,0.080361,0.067085,1.327577,0.5981,0.5605,0.5787,0.7560,0.7085,0.7315,0.8421,0.7892,0.8148,223,209,0.6095,0.9,0.0,0.000141
161,0.000221,0.000068,0.015320,0.080339,0.066889,1.345069,0.5972,0.5650,0.5806,0.7773,0.7354,0.7558,0.8483,0.8027,0.8249,223,211,0.6095,0.9,0.1,0.000140
162,0.000218,0.000067,0.015142,0.080868,0.067422,1.344610,0.5789,0.5426,0.5602,0.7273,0.6816,0.7037,0.8182,0.7668,0.7917,223,209,0.6095,0.9,0.1,0.000138
163,0.000216,0.000068,0.014800,0.082310,0.068621,1.368882,0.5762,0.5426,0.5589,0.7524,0.7085,0.7298,0.8333,0.7848,0.8083,223,210,0.6095,0.9,0.1,0.000137
164,0.000214,0.000067,0.014686,0.082987,0.069380,1.360722,0.6048,0.5695,0.5866,0.7667,0.7220,0.7436,0.8333,0.7848,0.8083,223,210,0.6095,0.9,0.1,0.000135
165,0.000211,0.000064,0.014734,0.080739,0.067321,1.341863,0.5896,0.5605,0.5747,0.7642,0.7265,0.7448,0.8349,0.7937,0.8138,223,212,0.6095,0.9,0.1,0.000134
166,0.000206,0.000063,0.014313,0.078893,0.065729,1.316443,0.5952,0.5605,0.5774,0.7476,0.7040,0.7252,0.8286,0.7803,0.8037,223,210,0.6095,0.9,0.0,0.000132
167,0.000198,0.000057,0.014095,0.081719,0.068348,1.337096,0.5885,0.5516,0.5694,0.7512,0.7040,0.7269,0.8325,0.7803,0.8056,223,209,0.6095,0.9,0.1,0.000131
168,0.000203,0.000061,0.014211,0.079059,0.065897,1.316272,0.5972,0.5650,0.5806,0.7488,0.7085,0.7281,0.8389,0.7937,0.8157,223,211,0.6095,0.9,0.0,0.000129
169,0.000209,0.000061,0.014768,0.077661,0.064447,1.321391,0.6140,0.5919,0.6027,0.7535,0.7265,0.7397,0.8372,0.8072,0.8219,223,215,0.6095,0.9,0.1,0.000128
170,0.000205,0.000059,0.014573,0.081741,0.068274,1.346751,0.6135,0.5695,0.5907,0.7826,0.7265,0.7535,0.8599,0.7982,0.8279,223,207,0.6095,0.9,0.0,0.000126
171,0.000204,0.000059,0.014472,0.080904,0.067618,1.328644,0.5640,0.5336,0.5484,0.7346,0.6951,0.7143,0.8341,0.7892,0.8111,223,211,0.6095,0.9,0.1,0.000125
172,0.000193,0.000056,0.013667,0.081908,0.068592,1.331667,0.6019,0.5695,0.5853,0.7488,0.7085,0.7281,0.8483,0.8027,0.8249,223,211,0.6095,0.9,0.0,0.000123
173,0.000195,0.000055,0.013991,0.081859,0.068477,1.338163,0.6085,0.5785,0.5931,0.7594,0.7220,0.7402,0.8396,0.7982,0.8184,223,212,0.6095,0.9,0.1,0.000122
174,0.000182,0.000051,0.013109,0.079930,0.066702,1.322790,0.6028,0.5785,0.5904,0.7523,0.7220,0.7368,0.8318,0.7982,0.8146,223,214,0.6095,0.9,0.0,0.000120
175,0.000192,0.000055,0.013620,0.083115,0.069652,1.346308,0.6179,0.5874,0.6023,0.7689,0.7309,0.7494,0.8443,0.8027,0.8230,223,212,0.6095,0.9,0.1,0.000119
176,0.000177,0.000051,0.012661,0.082004,0.068567,1.343709,0.6085,0.5785,0.5931,0.7453,0.7085,0.7264,0.8443,0.8027,0.8230,223,212,0.6095,0.9,0.0,0.000117
177,0.000182,0.000052,0.013081,0.081761,0.068369,1.339233,0.6029,0.5650,0.5833,0.7608,0.7130,0.7361,0.8421,0.7892,0.8148,223,209,0.6095,0.9,0.1,0.000116
178,0.000187,0.000052,0.013489,0.082500,0.069081,1.341847,0.5952,0.5605,0.5774,0.7571,0.7130,0.7344,0.8429,0.7937,0.8176,223,210,0.6095,0.9,0.0,0.000115
179,0.000189,0.000052,0.013789,0.082993,0.069511,1.348192,0.5935,0.5695,0.5812,0.7477,0.7175,0.7323,0.8271,0.7937,0.8101,223,214,0.6095,0.9,0.1,0.000113
180,0.000178,0.000049,0.012865,0.083227,0.069942,1.328549,0.6019,0.5695,0.5853,0.7583,0.7175,0.7373,0.8389,0.7937,0.8157,223,211,0.6095,0.9,0.0,0.000112
181,0.000173,0.000047,0.012670,0.081969,0.068543,1.342621,0.6286,0.5919,0.6097,0.7762,0.7309,0.7529,0.8429,0.7937,0.8176,223,210,0.6097,0.9,0.1,0.000110
182,0.000176,0.000048,0.012839,0.081756,0.068552,1.320357,0.6398,0.6054,0.6221,0.7820,0.7399,0.7604,0.8436,0.7982,0.8203,223,211,0.6221,0.9,0.0,0.000109
183,0.000176,0.000047,0.012968,0.083224,0.069678,1.354568,0.6056,0.5785,0.5917,0.7559,0.7220,0.7385,0.8357,0.7982,0.8165,223,213,0.6221,0.9,0.0,0.000107
184,0.000164,0.000044,0.012061,0.081410,0.068022,1.338816,0.6262,0.6009,0.6133,0.7570,0.7265,0.7414,0.8411,0.8072,0.8238,223,214,0.6221,0.9,0.1,0.000106
185,0.000167,0.000047,0.012037,0.081766,0.068384,1.338128,0.5972,0.5785,0.5877,0.7593,0.7354,0.7472,0.8287,0.8027,0.8155,223,216,0.6221,0.9,0.1,0.000104
186,0.000173,0.000048,0.012423,0.084969,0.071300,1.366847,0.6256,0.5919,0.6083,0.7725,0.7309,0.7512,0.8436,0.7982,0.8203,223,211,0.6221,0.9,0.1,0.000103
187,0.000162,0.000042,0.011970,0.082600,0.069082,1.351803,0.6303,0.5964,0.6129,0.7583,0.7175,0.7373,0.8389,0.7937,0.8157,223,211,0.6221,0.9,0.1,0.000102
188,0.000171,0.000045,0.012603,0.083462,0.070049,1.341224,0.6233,0.6009,0.6119,0.7674,0.7399,0.7534,0.8419,0.8117,0.8265,223,215,0.6221,0.9,0.1,0.000100
189,0.000178,0.000047,0.013079,0.084393,0.070779,1.361435,0.6106,0.5695,0.5893,0.7692,0.7175,0.7425,0.8510,0.7937,0.8213,223,208,0.6221,0.9,0.1,0.000099
190,0.000167,0.000043,0.012446,0.084203,0.070783,1.341947,0.6121,0.5874,0.5995,0.7523,0.7220,0.7368,0.8364,0.8027,0.8192,223,214,0.6221,0.9,0.1,0.000097
191,0.000157,0.000042,0.011568,0.084369,0.070774,1.359484,0.6256,0.5919,0.6083,0.7773,0.7354,0.7558,0.8389,0.7937,0.8157,223,211,0.6221,0.9,0.1,0.000096
192,0.000160,0.000041,0.011939,0.083437,0.070078,1.335845,0.6372,0.6143,0.6256,0.7581,0.7309,0.7443,0.8372,0.8072,0.8219,223,215,0.6256,0.9,0.1,0.000095
193,0.000160,0.000041,0.011884,0.083088,0.069526,1.356167,0.6321,0.6009,0.6161,0.7830,0.7444,0.7632,0.8491,0.8072,0.8276,223,212,0.6256,0.9,0.1,0.000093
194,0.000174,0.000045,0.012927,0.085708,0.072120,1.358857,0.6172,0.5785,0.5972,0.7656,0.7175,0.7407,0.8278,0.7758,0.8009,223,209,0.6256,0.9,0.1,0.000092
195,0.000171,0.000045,0.012677,0.083762,0.070343,1.341892,0.6019,0.5695,0.5853,0.7630,0.7220,0.7419,0.8294,0.7848,0.8065,223,211,0.6256,0.9,0.0,0.000091
196,0.000160,0.000042,0.011870,0.082123,0.068774,1.334897,0.6056,0.5785,0.5917,0.7559,0.7220,0.7385,0.8404,0.8027,0.8211,223,213,0.6256,0.9,0.0,0.000089
197,0.000154,0.000040,0.011392,0.084865,0.071263,1.360180,0.6476,0.6099,0.6282,0.7810,0.7354,0.7575,0.8429,0.7937,0.8176,223,210,0.6282,0.9,0.1,0.000088
198,0.000153,0.000039,0.011319,0.086091,0.072530,1.356125,0.6398,0.6054,0.6221,0.7725,0.7309,0.7512,0.8389,0.7937,0.8157,223,211,0.6282,0.9,0.1,0.000086
199,0.000155,0.000039,0.011520,0.086169,0.072576,1.359304,0.6364,0.5964,0.6157,0.7703,0.7220,0.7454,0.8469,0.7937,0.8194,223,209,0.6282,0.9,0.1,0.000085
200,0.000159,0.000039,0.012003,0.086194,0.072625,1.356901,0.6168,0.5919,0.6041,0.7757,0.7444,0.7597,0.8458,0.8117,0.8284,223,214,0.6282,0.9,0.1,0.000084
201,0.000168,0.000042,0.012656,0.085662,0.072129,1.353279,0.6381,0.6009,0.6189,0.7667,0.7220,0.7436,0.8429,0.7937,0.8176,223,210,0.6282,0.9,0.1,0.000082
202,0.000153,0.000037,0.011581,0.085075,0.071599,1.347651,0.6351,0.6009,0.6175,0.7725,0.7309,0.7512,0.8341,0.7892,0.8111,223,211,0.6282,0.9,0.1,0.000081
203,0.000149,0.000036,0.011325,0.084685,0.071240,1.344578,0.6085,0.5785,0.5931,0.7642,0.7265,0.7448,0.8396,0.7982,0.8184,223,212,0.6282,0.9,0.1,0.000080
204,0.000149,0.000036,0.011329,0.085982,0.072537,1.344561,0.5981,0.5740,0.5858,0.7570,0.7265,0.7414,0.8318,0.7982,0.8146,223,214,0.6282,0.9,0.1,0.000079
205,0.000150,0.000036,0.011461,0.084358,0.070841,1.351745,0.6303,0.5964,0.6129,0.7820,0.7399,0.7604,0.8531,0.8072,0.8295,223,211,0.6282,0.9,0.1,0.000077
206,0.000149,0.000036,0.011302,0.085422,0.071993,1.342893,0.6321,0.6009,0.6161,0.7642,0.7265,0.7448,0.8302,0.7892,0.8092,223,212,0.6282,0.9,0.1,0.000076
207,0.000148,0.000037,0.011091,0.087047,0.073533,1.351377,0.6256,0.5919,0.6083,0.7725,0.7309,0.7512,0.8389,0.7937,0.8157,223,211,0.6282,0.9,0.1,0.000075
208,0.000143,0.000034,0.010891,0.086411,0.072816,1.359518,0.6209,0.5874,0.6037,0.7630,0.7220,0.7419,0.8436,0.7982,0.8203,223,211,0.6282,0.9,0.1,0.000073
209,0.000140,0.000034,0.010619,0.087595,0.073976,1.361956,0.6540,0.6188,0.6359,0.7773,0.7354,0.7558,0.8389,0.7937,0.8157,223,211,0.6359,0.9,0.0,0.000072
210,0.000140,0.000033,0.010741,0.086917,0.073338,1.357821,0.6179,0.5874,0.6023,0.7547,0.7175,0.7356,0.8396,0.7982,0.8184,223,212,0.6359,0.9,0.1,0.000071
211,0.000145,0.000035,0.011073,0.086172,0.072542,1.362945,0.6449,0.6188,0.6316,0.7664,0.7354,0.7506,0.8458,0.8117,0.8284,223,214,0.6359,0.9,0.1,0.000070
212,0.000136,0.000032,0.010470,0.087565,0.073961,1.360328,0.6540,0.6188,0.6359,0.7725,0.7309,0.7512,0.8389,0.7937,0.8157,223,211,0.6359,0.9,0.1,0.000069
213,0.000135,0.000033,0.010163,0.086121,0.072495,1.362549,0.6588,0.6233,0.6406,0.7820,0.7399,0.7604,0.8436,0.7982,0.8203,223,211,0.6406,0.9,0.1,0.000067
214,0.000145,0.000034,0.011145,0.086767,0.073282,1.348482,0.6355,0.6099,0.6224,0.7617,0.7309,0.7460,0.8318,0.7982,0.8146,223,214,0.6406,0.9,0.1,0.000066
215,0.000147,0.000035,0.011220,0.085884,0.072485,1.339872,0.6372,0.6143,0.6256,0.7488,0.7220,0.7352,0.8326,0.8027,0.8174,223,215,0.6406,0.9,0.1,0.000065
216,0.000142,0.000032,0.010981,0.086411,0.072828,1.358302,0.6286,0.5919,0.6097,0.7714,0.7265,0.7483,0.8476,0.7982,0.8222,223,210,0.6406,0.9,0.1,0.000064
217,0.000137,0.000032,0.010504,0.087535,0.073947,1.358832,0.6244,0.5964,0.6101,0.7606,0.7265,0.7431,0.8310,0.7937,0.8119,223,213,0.6406,0.9,0.1,0.000063
218,0.000134,0.000031,0.010377,0.087835,0.074301,1.353416,0.6132,0.5830,0.5977,0.7453,0.7085,0.7264,0.8255,0.7848,0.8046,223,212,0.6406,0.9,0.1,0.000061
219,0.000134,0.000030,0.010340,0.086829,0.073285,1.354480,0.6381,0.6009,0.6189,0.7762,0.7309,0.7529,0.8381,0.7892,0.8129,223,210,0.6406,0.9,0.1,0.000060
220,0.000127,0.000029,0.009832,0.087728,0.074109,1.361894,0.6445,0.6099,0.6267,0.7820,0.7399,0.7604,0.8341,0.7892,0.8111,223,211,0.6406,0.9,0.0,0.000059
221,0.000129,0.000029,0.009915,0.087940,0.074373,1.356707,0.6415,0.6099,0.6253,0.7594,0.7220,0.7402,0.8396,0.7982,0.8184,223,212,0.6406,0.9,0.0,0.000058
222,0.000134,0.000032,0.010240,0.086041,0.072536,1.350493,0.6557,0.6233,0.6391,0.7783,0.7399,0.7586,0.8443,0.8027,0.8230,223,212,0.6406,0.9,0.1,0.000057
223,0.000134,0.000030,0.010375,0.086002,0.072573,1.342914,0.6495,0.6233,0.6362,0.7804,0.7489,0.7643,0.8318,0.7982,0.8146,223,214,0.6406,0.9,0.0,0.000056
224,0.000132,0.000029,0.010212,0.087769,0.074141,1.362816,0.6415,0.6099,0.6253,0.7736,0.7354,0.7540,0.8396,0.7982,0.8184,223,212,0.6406,0.9,0.1,0.000055
225,0.000129,0.000030,0.009807,0.087706,0.074158,1.354776,0.6540,0.6188,0.6359,0.7867,0.7444,0.7650,0.8389,0.7937,0.8157,223,211,0.6406,0.9,0.1,0.000054
226,0.000132,0.000032,0.009995,0.089708,0.076056,1.365154,0.6321,0.6009,0.6161,0.7689,0.7309,0.7494,0.8396,0.7982,0.8184,223,212,0.6406,0.9,0.1,0.000052
227,0.000133,0.000029,0.010398,0.088271,0.074691,1.357955,0.6209,0.5874,0.6037,0.7630,0.7220,0.7419,0.8341,0.7892,0.8111,223,211,0.6406,0.9,0.1,0.000051
228,0.000128,0.000029,0.009924,0.088701,0.075035,1.366677,0.6429,0.6054,0.6236,0.7619,0.7175,0.7390,0.8286,0.7803,0.8037,223,210,0.6406,0.9,0.1,0.000050
229,0.000132,0.000031,0.010091,0.087681,0.074058,1.362388,0.6244,0.5964,0.6101,0.7700,0.7354,0.7523,0.8404,0.8027,0.8211,223,213,0.6406,0.9,0.0,0.000049
230,0.000126,0.000028,0.009777,0.088010,0.074400,1.361030,0.6620,0.6323,0.6468,0.7793,0.7444,0.7615,0.8357,0.7982,0.8165,223,213,0.6468,0.9,0.0,0.000048
231,0.000125,0.000028,0.009736,0.089154,0.075479,1.367522,0.6462,0.6143,0.6299,0.7736,0.7354,0.7540,0.8349,0.7937,0.8138,223,212,0.6468,0.9,0.1,0.000047
232,0.000125,0.000027,0.009710,0.088086,0.074428,1.365817,0.6445,0.6099,0.6267,0.7867,0.7444,0.7650,0.8531,0.8072,0.8295,223,211,0.6468,0.9,0.1,0.000046
233,0.000126,0.000028,0.009854,0.088442,0.074787,1.365445,0.6573,0.6278,0.6422,0.7746,0.7399,0.7569,0.8404,0.8027,0.8211,223,213,0.6468,0.9,0.1,0.000045
234,0.000124,0.000027,0.009666,0.087353,0.073713,1.364037,0.6651,0.6233,0.6435,0.7990,0.7489,0.7731,0.8517,0.7982,0.8241,223,209,0.6468,0.9,0.1,0.000044
235,0.000125,0.000027,0.009755,0.088588,0.074979,1.360919,0.6490,0.6054,0.6265,0.7885,0.7354,0.7610,0.8510,0.7937,0.8213,223,208,0.6468,0.9,0.1,0.000043
236,0.000123,0.000027,0.009678,0.087895,0.074238,1.365655,0.6744,0.6502,0.6621,0.7767,0.7489,0.7626,0.8372,0.8072,0.8219,223,215,0.6621,0.9,0.1,0.000042
237,0.000127,0.000028,0.009951,0.089606,0.075839,1.376754,0.6381,0.6009,0.6189,0.7762,0.7309,0.7529,0.8381,0.7892,0.8129,223,210,0.6621,0.9,0.0,0.000041
238,0.000125,0.000027,0.009783,0.088071,0.074389,1.368218,0.6372,0.6143,0.6256,0.7767,0.7489,0.7626,0.8372,0.8072,0.8219,223,215,0.6621,0.9,0.1,0.000040
239,0.000123,0.000027,0.009610,0.087363,0.073836,1.352702,0.6479,0.6188,0.6330,0.7840,0.7489,0.7661,0.8451,0.8072,0.8257,223,213,0.6621,0.9,0.1,0.000040
240,0.000119,0.000026,0.009283,0.088582,0.074893,1.368807,0.6449,0.6188,0.6316,0.7710,0.7399,0.7551,0.8411,0.8072,0.8238,223,214,0.6621,0.9,0.1,0.000039
241,0.000125,0.000027,0.009861,0.088481,0.074834,1.364775,0.6493,0.6143,0.6313,0.7773,0.7354,0.7558,0.8436,0.7982,0.8203,223,211,0.6621,0.9,0.1,0.000038
242,0.000121,0.000027,0.009331,0.088466,0.074877,1.358929,0.6526,0.6233,0.6376,0.7793,0.7444,0.7615,0.8357,0.7982,0.8165,223,213,0.6621,0.9,0.1,0.000037
243,0.000118,0.000026,0.009233,0.088977,0.075316,1.366101,0.6635,0.6278,0.6452,0.7915,0.7489,0.7696,0.8436,0.7982,0.8203,223,211,0.6621,0.9,0.0,0.000036
244,0.000119,0.000025,0.009328,0.088023,0.074393,1.362944,0.6589,0.6323,0.6453,0.7850,0.7534,0.7689,0.8411,0.8072,0.8238,223,214,0.6621,0.9,0.1,0.000035
245,0.000124,0.000026,0.009733,0.088501,0.074905,1.359635,0.6557,0.6233,0.6391,0.7830,0.7444,0.7632,0.8396,0.7982,0.8184,223,212,0.6621,0.9,0.0,0.000034
246,0.000120,0.000025,0.009476,0.088991,0.075353,1.363769,0.6588,0.6233,0.6406,0.7915,0.7489,0.7696,0.8531,0.8072,0.8295,223,211,0.6621,0.9,0.1,0.000033
247,0.000123,0.000028,0.009458,0.089063,0.075403,1.365976,0.6620,0.6323,0.6468,0.7840,0.7489,0.7661,0.8404,0.8027,0.8211,223,213,0.6621,0.9,0.0,0.000033
248,0.000118,0.000025,0.009386,0.089277,0.075621,1.365580,0.6526,0.6233,0.6376,0.7887,0.7534,0.7706,0.8357,0.7982,0.8165,223,213,0.6621,0.9,0.1,0.000032
249,0.000116,0.000024,0.009233,0.089170,0.075548,1.362236,0.6573,0.6278,0.6422,0.7840,0.7489,0.7661,0.8357,0.7982,0.8165,223,213,0.6621,0.9,0.1,0.000031
250,0.000113,0.000025,0.008753,0.089002,0.075371,1.363068,0.6432,0.6143,0.6284,0.7840,0.7489,0.7661,0.8451,0.8072,0.8257,223,213,0.6621,0.9,0.0,0.000030
251,0.000123,0.000027,0.009652,0.088193,0.074611,1.358142,0.6540,0.6188,0.6359,0.7915,0.7489,0.7696,0.8578,0.8117,0.8341,223,211,0.6621,0.9,0.1,0.000029
252,0.000124,0.000025,0.009884,0.089306,0.075707,1.359896,0.6381,0.6009,0.6189,0.7810,0.7354,0.7575,0.8381,0.7892,0.8129,223,210,0.6621,0.9,0.1,0.000029
253,0.000123,0.000026,0.009712,0.089738,0.076109,1.362894,0.6730,0.6368,0.6544,0.7962,0.7534,0.7742,0.8341,0.7892,0.8111,223,211,0.6621,0.9,0.0,0.000028
254,0.000117,0.000025,0.009218,0.089079,0.075558,1.352188,0.6479,0.6188,0.6330,0.7746,0.7399,0.7569,0.8451,0.8072,0.8257,223,213,0.6621,0.9,0.1,0.000027
255,0.000117,0.000024,0.009292,0.088902,0.075372,1.352919,0.6571,0.6188,0.6374,0.7905,0.7444,0.7667,0.8476,0.7982,0.8222,223,210,0.6621,0.9,0.1,0.000027
256,0.000112,0.000024,0.008846,0.088764,0.075231,1.353277,0.6542,0.6278,0.6407,0.7897,0.7578,0.7735,0.8364,0.8027,0.8192,223,214,0.6621,0.9,0.1,0.000026
257,0.000116,0.000023,0.009225,0.089233,0.075653,1.358028,0.6636,0.6368,0.6499,0.7897,0.7578,0.7735,0.8458,0.8117,0.8284,223,214,0.6621,0.9,0.1,0.000025
258,0.000117,0.000024,0.009248,0.089151,0.075559,1.359172,0.6761,0.6457,0.6606,0.7887,0.7534,0.7706,0.8498,0.8117,0.8303,223,213,0.6621,0.9,0.1,0.000024
259,0.000115,0.000024,0.009091,0.089704,0.076081,1.362350,0.6524,0.6143,0.6328,0.8000,0.7534,0.7760,0.8476,0.7982,0.8222,223,210,0.6621,0.9,0.0,0.000024
260,0.000113,0.000022,0.009024,0.089507,0.075900,1.360648,0.6714,0.6413,0.6560,0.8028,0.7668,0.7844,0.8498,0.8117,0.8303,223,213,0.6621,0.9,0.1,0.000023
261,0.000112,0.000023,0.008897,0.090771,0.077091,1.367982,0.6635,0.6278,0.6452,0.7962,0.7534,0.7742,0.8436,0.7982,0.8203,223,211,0.6621,0.9,0.1,0.000023
262,0.000115,0.000024,0.009126,0.088948,0.075331,1.361757,0.6761,0.6457,0.6606,0.7934,0.7578,0.7752,0.8451,0.8072,0.8257,223,213,0.6621,0.9,0.1,0.000022
263,0.000116,0.000026,0.009062,0.088214,0.074679,1.353481,0.6589,0.6323,0.6453,0.7897,0.7578,0.7735,0.8411,0.8072,0.8238,223,214,0.6621,0.9,0.1,0.000021
264,0.000114,0.000023,0.009093,0.089592,0.075939,1.365346,0.6810,0.6413,0.6605,0.8048,0.7578,0.7806,0.8476,0.7982,0.8222,223,210,0.6621,0.9,0.1,0.000021
265,0.000116,0.000025,0.009162,0.088325,0.074760,1.356569,0.6791,0.6547,0.6667,0.7860,0.7578,0.7717,0.8419,0.8117,0.8265,223,215,0.6667,0.9,0.1,0.000020
266,0.000116,0.000025,0.009029,0.089592,0.075932,1.366003,0.6509,0.6188,0.6345,0.7877,0.7489,0.7678,0.8491,0.8072,0.8276,223,212,0.6667,0.9,0.0,0.000020
267,0.000112,0.000023,0.008840,0.089288,0.075675,1.361280,0.6636,0.6368,0.6499,0.7944,0.7623,0.7780,0.8458,0.8117,0.8284,223,214,0.6667,0.9,0.1,0.000019
268,0.000114,0.000023,0.009045,0.089825,0.076151,1.367394,0.6385,0.6099,0.6239,0.7840,0.7489,0.7661,0.8404,0.8027,0.8211,223,213,0.6667,0.9,0.0,0.000019
269,0.000111,0.000023,0.008816,0.089433,0.075827,1.360657,0.6761,0.6457,0.6606,0.7981,0.7623,0.7798,0.8498,0.8117,0.8303,223,213,0.6667,0.9,0.1,0.000018
270,0.000111,0.000023,0.008800,0.089525,0.075920,1.360409,0.6761,0.6457,0.6606,0.7981,0.7623,0.7798,0.8451,0.8072,0.8257,223,213,0.6667,0.9,0.0,0.000018
271,0.000108,0.000023,0.008548,0.088915,0.075328,1.358658,0.6636,0.6368,0.6499,0.7944,0.7623,0.7780,0.8458,0.8117,0.8284,223,214,0.6667,0.9,0.1,0.000017
272,0.000113,0.000024,0.008989,0.089785,0.076112,1.367289,0.6667,0.6368,0.6514,0.7887,0.7534,0.7706,0.8404,0.8027,0.8211,223,213,0.6667,0.9,0.1,0.000017
273,0.000108,0.000023,0.008521,0.089169,0.075541,1.362716,0.6636,0.6368,0.6499,0.7944,0.7623,0.7780,0.8458,0.8117,0.8284,223,214,0.6667,0.9,0.1,0.000016
274,0.000113,0.000023,0.009017,0.089696,0.076052,1.364434,0.6636,0.6368,0.6499,0.7897,0.7578,0.7735,0.8458,0.8117,0.8284,223,214,0.6667,0.9,0.0,0.000016
275,0.000110,0.000022,0.008839,0.090273,0.076560,1.371250,0.6636,0.6368,0.6499,0.7897,0.7578,0.7735,0.8411,0.8072,0.8238,223,214,0.6667,0.9,0.1,0.000015
276,0.000111,0.000023,0.008819,0.089906,0.076247,1.365932,0.6573,0.6278,0.6422,0.7887,0.7534,0.7706,0.8498,0.8117,0.8303,223,213,0.6667,0.9,0.0,0.000015
277,0.000112,0.000022,0.008941,0.090528,0.076813,1.371506,0.6432,0.6143,0.6284,0.7887,0.7534,0.7706,0.8451,0.8072,0.8257,223,213,0.6667,0.9,0.0,0.000015
278,0.000109,0.000021,0.008740,0.089690,0.076046,1.364406,0.6776,0.6502,0.6636,0.7991,0.7668,0.7826,0.8458,0.8117,0.8284,223,214,0.6667,0.9,0.0,0.000014
279,0.000110,0.000023,0.008728,0.089310,0.075689,1.362062,0.6854,0.6547,0.6697,0.8028,0.7668,0.7844,0.8498,0.8117,0.8303,223,213,0.6697,0.9,0.1,0.000014
280,0.000109,0.000022,0.008699,0.090122,0.076454,1.366805,0.6698,0.6368,0.6529,0.8019,0.7623,0.7816,0.8538,0.8117,0.8322,223,212,0.6697,0.9,0.1,0.000013
281,0.000108,0.000021,0.008692,0.090642,0.076929,1.371289,0.6588,0.6233,0.6406,0.7962,0.7534,0.7742,0.8483,0.8027,0.8249,223,211,0.6697,0.9,0.1,0.000013
282,0.000107,0.000022,0.008483,0.090582,0.076860,1.372158,0.6761,0.6457,0.6606,0.7934,0.7578,0.7752,0.8498,0.8117,0.8303,223,213,0.6697,0.9,0.1,0.000013
283,0.000108,0.000022,0.008638,0.089941,0.076255,1.368608,0.6526,0.6233,0.6376,0.7887,0.7534,0.7706,0.8498,0.8117,0.8303,223,213,0.6697,0.9,0.1,0.000013
284,0.000112,0.000023,0.008916,0.090209,0.076524,1.368406,0.6761,0.6457,0.6606,0.7981,0.7623,0.7798,0.8498,0.8117,0.8303,223,213,0.6697,0.9,0.1,0.000012
285,0.000108,0.000022,0.008635,0.089915,0.076213,1.370209,0.6682,0.6413,0.6545,0.7991,0.7668,0.7826,0.8411,0.8072,0.8238,223,214,0.6697,0.9,0.1,0.000012
286,0.000110,0.000022,0.008726,0.090519,0.076829,1.369058,0.6620,0.6323,0.6468,0.7981,0.7623,0.7798,0.8451,0.8072,0.8257,223,213,0.6697,0.9,0.0,0.000012
287,0.000106,0.000022,0.008481,0.089869,0.076212,1.365687,0.6667,0.6368,0.6514,0.7934,0.7578,0.7752,0.8451,0.8072,0.8257,223,213,0.6697,0.9,0.1,0.000012
288,0.000107,0.000021,0.008555,0.090496,0.076746,1.374947,0.6682,0.6413,0.6545,0.7944,0.7623,0.7780,0.8458,0.8117,0.8284,223,214,0.6697,0.9,0.0,0.000011
289,0.000108,0.000022,0.008587,0.088724,0.075105,1.361935,0.6776,0.6502,0.6636,0.7991,0.7668,0.7826,0.8411,0.8072,0.8238,223,214,0.6697,0.9,0.1,0.000011
290,0.000110,0.000022,0.008836,0.090434,0.076753,1.368014,0.6761,0.6457,0.6606,0.7981,0.7623,0.7798,0.8498,0.8117,0.8303,223,213,0.6697,0.9,0.1,0.000011
291,0.000108,0.000022,0.008596,0.089439,0.075822,1.361713,0.6776,0.6502,0.6636,0.7897,0.7578,0.7735,0.8458,0.8117,0.8284,223,214,0.6697,0.9,0.0,0.000011
292,0.000106,0.000022,0.008426,0.090189,0.076553,1.363559,0.6840,0.6502,0.6667,0.8019,0.7623,0.7816,0.8443,0.8027,0.8230,223,212,0.6697,0.9,0.1,0.000011
293,0.000109,0.000022,0.008704,0.089841,0.076232,1.360937,0.6822,0.6547,0.6682,0.7944,0.7623,0.7780,0.8458,0.8117,0.8284,223,214,0.6697,0.9,0.0,0.000011
294,0.000107,0.000021,0.008633,0.089121,0.075521,1.359965,0.6822,0.6547,0.6682,0.7944,0.7623,0.7780,0.8458,0.8117,0.8284,223,214,0.6697,0.9,0.1,0.000010
295,0.000110,0.000021,0.008869,0.090342,0.076661,1.368038,0.6761,0.6457,0.6606,0.7934,0.7578,0.7752,0.8451,0.8072,0.8257,223,213,0.6697,0.9,0.0,0.000010
296,0.000105,0.000021,0.008356,0.090075,0.076460,1.361571,0.6792,0.6457,0.6621,0.7972,0.7578,0.7770,0.8443,0.8027,0.8230,223,212,0.6697,0.9,0.1,0.000010
297,0.000110,0.000022,0.008729,0.090136,0.076484,1.365221,0.6714,0.6413,0.6560,0.8028,0.7668,0.7844,0.8498,0.8117,0.8303,223,213,0.6697,0.9,0.1,0.000010
298,0.000107,0.000021,0.008658,0.090282,0.076590,1.369121,0.6698,0.6368,0.6529,0.8019,0.7623,0.7816,0.8538,0.8117,0.8322,223,212,0.6697,0.9,0.1,0.000010
299,0.000107,0.000022,0.008514,0.089953,0.076257,1.369620,0.6808,0.6502,0.6651,0.8028,0.7668,0.7844,0.8498,0.8117,0.8303,223,213,0.6697,0.9,0.1,0.000010
300,0.000108,0.000022,0.008641,0.090239,0.076612,1.362661,0.6729,0.6457,0.6590,0.7897,0.7578,0.7735,0.8458,0.8117,0.8284,223,214,0.6697,0.9,0.0,0.000010
